Workbook

Sheet BOX ORDER
I1: 5-7 INDUSTRIAL PLACE, YANDINA QLD 4561 P 07 5406 0886 HELLO@HEKAHOODS.COM.AU WWW.HEKAHOODS.COM.AU | U1: 5-7 INDUSTRIAL PLACE, YANDINA QLD 4561 P 07 5406 0886 HELLO@HEKAHOODS.COM.AU WWW.HEKAHOODS.COM.AU
D2: XP0096 - Express by Heka Hoods | P2: =D2 -> XP0096 - Express by Heka Hoods
F3: # HOODS | G3: H SECTIONS | H3: JOINERS | I3: WEIGHT (ON S/S) | J3: COVER PLATES / TOUCH UP PAINT | R3: # HOODS | S3: H SECTIONS | T3: JOINERS | U3: WEIGHT (ON S/S) | V3: COVER PLATES / TOUCH UP PAINT
F4: 4 | G4: 1 | H4: 1 | R4: =F4 -> 4 | S4: =G4 -> 1 | T4: =H4 -> 1 | U4: =I4 -> 0 | V4: =J4 -> 0
P5: INCLUDE JOINERS & H SECTIONS
K6: BOX CUT LENGTH MM | W6: BOX CUT LENGTH MM
A7: JOB # | D7: BOX # | E7: # | F7: HOOD 1D | G7: DEPTH | H7: LENGTH H1 | I7: LENGTH H2 | J7: RETURNS | K7: BASE | L7: LID | M7: SPECIAL REQUIREMENTS / NOTES | P7: {=_xlfn._xlws.SORT(D7:M117,8,-1,FALSE)} -> BOX # | Q7: # | R7: HOOD 1D | S7: DEPTH | T7: LENGTH H1 | U7: LENGTH H2 | V7: RETURNS | W7: BASE | X7: LID | Y7: SPECIAL REQUIREMENTS / NOTES
A8: =IF(G8,_xlfn.TEXTBEFORE($D$2," -"),"") -> XP0096 | B8: BOX # | D8: 1 | E8: HOODS | F8: 1 & 2 | G8: 450 | H8: 1200 | I8: 1200 | J8: 0 | K8: =SUM(CALCULATIONS!B2)+(('BOX ORDER'!J8)*100)+350 -> 1550 | L8: =SUM(K8+40) -> 1590 | P8: 1 | Q8: HOODS | R8: 1 & 2 | S8: 450 | T8: 1200 | U8: 1200 | V8: 0 | W8: 1550 | X8: 1590 | Y8: 0
A9: =IF(G9,_xlfn.TEXTBEFORE($D$2," -"),"") | B9: BOX # | D9: =D8+1 -> 2 | E9: HOODS | K9: =SUM(CALCULATIONS!B3)+(('BOX ORDER'!J9)*100)+350 -> 350 | L9: =SUM(K9+40) -> 390 | P9: 2 | Q9: HOODS | R9: 0 | S9: 0 | T9: 0 | U9: 0 | V9: 0 | W9: 350 | X9: 390 | Y9: 0
A10: =IF(G10,_xlfn.TEXTBEFORE($D$2," -"),"") | B10: BOX # | D10: =D9+1 -> 3 | E10: HOODS | K10: =SUM(CALCULATIONS!B4)+(('BOX ORDER'!J10)*100)+350 -> 350 | L10: =SUM(K10+40) -> 390 | P10: 3 | Q10: HOODS | R10: 0 | S10: 0 | T10: 0 | U10: 0 | V10: 0 | W10: 350 | X10: 390 | Y10: 0
A11: =IF(G11,_xlfn.TEXTBEFORE($D$2," -"),"") | B11: BOX # | D11: =D10+1 -> 4 | E11: HOODS | K11: =SUM(CALCULATIONS!B5)+(('BOX ORDER'!J11)*100)+350 -> 350 | L11: =SUM(K11+40) -> 390 | P11: 4 | Q11: HOODS | R11: 0 | S11: 0 | T11: 0 | U11: 0 | V11: 0 | W11: 350 | X11: 390 | Y11: 0
A12: =IF(G12,_xlfn.TEXTBEFORE($D$2," -"),"") | B12: BOX # | D12: =D11+1 -> 5 | E12: HOODS | K12: =SUM(CALCULATIONS!B6)+(('BOX ORDER'!J12)*100)+350 -> 350 | L12: =SUM(K12+40) -> 390 | P12: 5 | Q12: HOODS | R12: 0 | S12: 0 | T12: 0 | U12: 0 | V12: 0 | W12: 350 | X12: 390 | Y12: 0
A13: =IF(G13,_xlfn.TEXTBEFORE($D$2," -"),"") | B13: BOX # | D13: =D12+1 -> 6 | E13: HOODS | K13: =SUM(CALCULATIONS!B7)+(('BOX ORDER'!J13)*100)+350 -> 350 | L13: =SUM(K13+40) -> 390 | P13: 6 | Q13: HOODS | R13: 0 | S13: 0 | T13: 0 | U13: 0 | V13: 0 | W13: 350 | X13: 390 | Y13: 0
A14: =IF(G14,_xlfn.TEXTBEFORE($D$2," -"),"") | B14: BOX # | D14: =D13+1 -> 7 | E14: HOODS | K14: =SUM(CALCULATIONS!B8)+(('BOX ORDER'!J14)*100)+350 -> 350 | L14: =SUM(K14+40) -> 390 | P14: 7 | Q14: HOODS | R14: 0 | S14: 0 | T14: 0 | U14: 0 | V14: 0 | W14: 350 | X14: 390 | Y14: 0
A15: =IF(G15,_xlfn.TEXTBEFORE($D$2," -"),"") | B15: BOX # | D15: =D14+1 -> 8 | E15: HOODS | K15: =SUM(CALCULATIONS!B9)+(('BOX ORDER'!J15)*100)+350 -> 350 | L15: =SUM(K15+40) -> 390 | P15: 8 | Q15: HOODS | R15: 0 | S15: 0 | T15: 0 | U15: 0 | V15: 0 | W15: 350 | X15: 390 | Y15: 0
A16: =IF(G16,_xlfn.TEXTBEFORE($D$2," -"),"") | B16: BOX # | D16: =D15+1 -> 9 | E16: HOODS | K16: =SUM(CALCULATIONS!B10)+(('BOX ORDER'!J16)*100)+350 -> 350 | L16: =SUM(K16+40) -> 390 | P16: 9 | Q16: HOODS | R16: 0 | S16: 0 | T16: 0 | U16: 0 | V16: 0 | W16: 350 | X16: 390 | Y16: 0
A17: =IF(G17,_xlfn.TEXTBEFORE($D$2," -"),"") | B17: BOX # | D17: =D16+1 -> 10 | E17: HOODS | K17: =SUM(CALCULATIONS!B11)+(('BOX ORDER'!J17)*100)+350 -> 350 | L17: =SUM(K17+40) -> 390 | P17: 10 | Q17: HOODS | R17: 0 | S17: 0 | T17: 0 | U17: 0 | V17: 0 | W17: 350 | X17: 390 | Y17: 0
A18: =IF(G18,_xlfn.TEXTBEFORE($D$2," -"),"") | B18: BOX # | D18: =D17+1 -> 11 | E18: HOODS | K18: =SUM(CALCULATIONS!B12)+(('BOX ORDER'!J18)*100)+350 -> 350 | L18: =SUM(K18+40) -> 390 | P18: 11 | Q18: HOODS | R18: 0 | S18: 0 | T18: 0 | U18: 0 | V18: 0 | W18: 350 | X18: 390 | Y18: 0
A19: =IF(G19,_xlfn.TEXTBEFORE($D$2," -"),"") | B19: BOX # | D19: =D18+1 -> 12 | E19: HOODS | K19: =SUM(CALCULATIONS!B13)+(('BOX ORDER'!J19)*100)+350 -> 350 | L19: =SUM(K19+40) -> 390 | P19: 12 | Q19: HOODS | R19: 0 | S19: 0 | T19: 0 | U19: 0 | V19: 0 | W19: 350 | X19: 390 | Y19: 0
A20: =IF(G20,_xlfn.TEXTBEFORE($D$2," -"),"") | B20: BOX # | D20: =D19+1 -> 13 | E20: HOODS | K20: =SUM(CALCULATIONS!B14)+(('BOX ORDER'!J20)*100)+350 -> 350 | L20: =SUM(K20+40) -> 390 | P20: 13 | Q20: HOODS | R20: 0 | S20: 0 | T20: 0 | U20: 0 | V20: 0 | W20: 350 | X20: 390 | Y20: 0
... A117: =IF(G117,_xlfn.TEXTBEFORE($D$2," -"),"") | B117: BOX # | D117: =D116+1 -> 110 | E117: HOODS | K117: =SUM(CALCULATIONS!B111)+(('BOX ORDER'!J117)*100)+350 -> 350 | L117: =SUM(K117+40) -> 390 | P117: 110 | Q117: HOODS | R117: 0 | S117: 0 | T117: 0 | U117: 0 | V117: 0 | W117: 350 | X117: 390 | Y117: 0
A118: =IF(G118,_xlfn.TEXTBEFORE($D$2," -"),"")
D119: DISPATCH CHECKLIST | I119: BOX ORDER CHECKLIST (CLIP DOCS IN THE FOLLOWING ORDER) | L119: TICK | P119: DISPATCH CHECKLIST | T119: INITIALS | U119: BOX ORDER CHECKLIST (CLIP DOCS IN THE FOLLOWING ORDER) | X119: TICK
I120: Box Labels | U120: Box Labels
I121: Box order | U121: Box order
I122: Address Labels | U122: Address Labels
I123: Envelope sleeve: helpful hints, H & J info & installation guide | U123: Envelope sleeve: helpful hints, H & J info & installation guide
I124: update Smartsheet - Box orders to type | U124: update Smartsheet - Box orders to type
I125: Initial (creating box order) | U125: Initial
I126: Initial (checking box order) | U126: Initial (checking box order)
G131: Update smarts sheet

Sheet DISPATCH WORKS ORDER
B7: DISPATCH WORKS ORDER | F7: JOB: | G7: ='BOX ORDER'!D2 -> XP0096 - Express by Heka Hoods
B9: # OF BOXES: | D9: =COUNTIF('BOX ORDER'!A8:A117,"?*") -> 1 | F9: # OF HOODS | G9: ='BOX ORDER'!F4 -> 4 | L9: ='BOX ORDER'!G4 -> 1
B10: H-Section | D10: ='BOX ORDER'!G4 -> 1 | F10: Joiner | G10: ='BOX ORDER'!H4 -> 1
B11: BOX ORDER - TO CUT
B12: TARGET TIME: (MINUTES) | D12: =D9*7 -> 7 | F12: EMPLOYEE:
B13: START TIME: | F13: FINISH TIME:
B14: CHECKLIST
B15: □ | C15: IN SMARTSHEET, UPDATE BOXING STATUS TO "BOX MADE"
B16: □ | C16: IN SMARTSHEET, ENTER "DATE BOX MADE"
B18: RECOAT CHECKLIST
B19: DOES THIS ORDER HAVE RECOATS ('Y' OR 'N') | F19: RECOATS REQUIRED:
B20: RECOAT RETURN DATE:
B22: H-SECTION & JOINERS
B23: EMPLOYEE(S): | F23: Box Number the H+J are packed into:
B24: QTY H+J:
B26: BOX PACKING
B27: TARGET TIME (MIN): | D27: =D9*6 -> 6 | F27: EMPLOYEE/S:
B28: START TIME: | F28: FINISH TIME:
B29: FINAL PC QA CHECK | D29: FALSE | F29: COLOUR CHECK: | G29: FALSE
B30: CHECKLIST
B31: □ | C31: Has the whole order been received, review on smartsheet
B32: □ | C32: Has the QA box in smartsheet been checked
B33: □ | C33: Are all stickers on each box and match the job number (Address labels and box stickers)
B34: □ | C34: Are there photos of each of the hoods in the box
B35: □ | C35: Are there photos of the H-Section & Joiners in the box its packed in
B36: □ | C36: Are there photos of the pallet packed and stapped inc. whiteboard with measurments
C37: How many pallets are there for this order and are they entered into smartsheet
B38: □ | C38: IF REQUIRED: Are cover plates and touch up cans packed
B39: □ | C39: Update boxing status to "Boxed" and enter "Date boxed" in smartsheet
B40: □ | C40: Ensure consignments note labels are attached to the correct pallets, in advance of the truck arriving
B41: □ | C41: Take a photo of the box order and attch to smartsheet

Sheet CALCULATIONS
A1: BOX # | D1: Straight Hood 1 Weight | E1: Straight Hood 2 Weight | F1: Return Weight | G1: Total Weight
A2: 1 | B2: =ROUNDUP('BOX ORDER'!H8,-1) -> 1200 | C2: =ROUNDUP('BOX ORDER'!I8,-1) -> 1200 | D2: =SUM((('BOX ORDER'!G8)/1000+0.15)*'BOX ORDER'!H8)*0.01083 -> 7.7976 | E2: =SUM((('BOX ORDER'!G8)/1000+0.15)*'BOX ORDER'!I8)*0.01083 -> 7.7976 | F2: =SUM((('BOX ORDER'!G8)/1000+0.15)*('BOX ORDER'!J8*100)*0.01083) -> 0 | G2: =SUM(D2:F2) -> 15.5952 | L2: ='BOX ORDER'!H8-1 -> 1199
A3: 2 | B3: =ROUNDUP('BOX ORDER'!H9,-1) -> 0 | C3: =ROUNDUP('BOX ORDER'!I9,-1) -> 0 | D3: =SUM((('BOX ORDER'!G9)/1000+0.15)*'BOX ORDER'!H9)*0.01083 -> 0 | E3: =SUM((('BOX ORDER'!G9)/1000+0.15)*'BOX ORDER'!I9)*0.01083 -> 0 | F3: =SUM((('BOX ORDER'!H9)/1000+0.15)*'BOX ORDER'!J9)*0.01083 -> 0 | G3: =SUM(D3:F3) -> 0
A4: 3 | B4: =ROUNDUP('BOX ORDER'!H10,-1) -> 0 | C4: =ROUNDUP('BOX ORDER'!I10,-1) -> 0 | D4: =SUM((('BOX ORDER'!G10)/1000+0.15)*'BOX ORDER'!H10)*0.01083 -> 0 | E4: =SUM((('BOX ORDER'!G10)/1000+0.15)*'BOX ORDER'!I10)*0.01083 -> 0 | F4: =SUM((('BOX ORDER'!H10)/1000+0.15)*'BOX ORDER'!J10)*0.1083 -> 0 | G4: =SUM(D4:F4) -> 0
A5: 4 | B5: =ROUNDUP('BOX ORDER'!H11,-1) -> 0 | C5: =ROUNDUP('BOX ORDER'!I11,-1) -> 0 | D5: =SUM((('BOX ORDER'!G11)/1000+0.15)*'BOX ORDER'!H11)*0.01083 -> 0 | E5: =SUM((('BOX ORDER'!G11)/1000+0.15)*'BOX ORDER'!I11)*0.01083 -> 0 | F5: =SUM((('BOX ORDER'!H11)/1000+0.15)*'BOX ORDER'!J11)*10.83 -> 0 | G5: =SUM(D5:F5) -> 0
A6: 5 | B6: =ROUNDUP('BOX ORDER'!H12,-1) -> 0 | C6: =ROUNDUP('BOX ORDER'!I12,-1) -> 0 | D6: =SUM((('BOX ORDER'!G12)/1000+0.15)*'BOX ORDER'!H12)*0.01083 -> 0 | E6: =SUM((('BOX ORDER'!G12)/1000+0.15)*'BOX ORDER'!I12)*0.01083 -> 0 | F6: =SUM((('BOX ORDER'!H12)/1000+0.15)*'BOX ORDER'!J12)*10.83 -> 0 | G6: =SUM(D6:F6) -> 0
A7: 6 | B7: =ROUNDUP('BOX ORDER'!H13,-1) -> 0 | C7: =ROUNDUP('BOX ORDER'!I13,-1) -> 0 | D7: =SUM((('BOX ORDER'!G13)/1000+0.15)*'BOX ORDER'!H13)*0.01083 -> 0 | E7: =SUM((('BOX ORDER'!G13)/1000+0.15)*'BOX ORDER'!I13)*0.01083 -> 0 | F7: =SUM((('BOX ORDER'!H13)/1000+0.15)*'BOX ORDER'!J13)*10.83 -> 0 | G7: =SUM(D7:F7) -> 0
A8: 7 | B8: =ROUNDUP('BOX ORDER'!H14,-1) -> 0 | C8: =ROUNDUP('BOX ORDER'!I14,-1) -> 0 | D8: =SUM((('BOX ORDER'!G14)/1000+0.15)*'BOX ORDER'!H14)*0.01083 -> 0 | E8: =SUM((('BOX ORDER'!G14)/1000+0.15)*'BOX ORDER'!I14)*0.01083 -> 0 | F8: =SUM((('BOX ORDER'!H14)/1000+0.15)*'BOX ORDER'!J14)*10.83 -> 0 | G8: =SUM(D8:F8) -> 0
A9: 8 | B9: =ROUNDUP('BOX ORDER'!H15,-1) -> 0 | C9: =ROUNDUP('BOX ORDER'!I15,-1) -> 0 | D9: =SUM((('BOX ORDER'!G15)/1000+0.15)*'BOX ORDER'!H15)*0.01083 -> 0 | E9: =SUM((('BOX ORDER'!G15)/1000+0.15)*'BOX ORDER'!I15)*0.01083 -> 0 | F9: =SUM((('BOX ORDER'!H15)/1000+0.15)*'BOX ORDER'!J15)*10.83 -> 0 | G9: =SUM(D9:F9) -> 0
A10: 9 | B10: =ROUNDUP('BOX ORDER'!H16,-1) -> 0 | C10: =ROUNDUP('BOX ORDER'!I16,-1) -> 0 | D10: =SUM((('BOX ORDER'!F16)/1000+0.15)*'BOX ORDER'!H16)*0.01083 -> 0 | E10: =SUM((('BOX ORDER'!F16)/1000+0.15)*'BOX ORDER'!I16)*0.01083 -> 0 | F10: =SUM((('BOX ORDER'!H16)/1000+0.15)*'BOX ORDER'!J16)*10.83 -> 0 | G10: =SUM(D10:F10) -> 0
A11: 10 | B11: =ROUNDUP('BOX ORDER'!H17,-1) -> 0 | C11: =ROUNDUP('BOX ORDER'!I17,-1) -> 0 | D11: =SUM((('BOX ORDER'!G17)/1000+0.15)*'BOX ORDER'!H17)*0.01083 -> 0 | E11: =SUM((('BOX ORDER'!G17)/1000+0.15)*'BOX ORDER'!I17)*0.01083 -> 0 | F11: =SUM((('BOX ORDER'!H17)/1000+0.15)*'BOX ORDER'!J17)*10.83 -> 0 | G11: =SUM(D11:F11) -> 0
A12: 11 | B12: =ROUNDUP('BOX ORDER'!H18,-1) -> 0 | C12: =ROUNDUP('BOX ORDER'!I18,-1) -> 0 | D12: =SUM((('BOX ORDER'!G18)/1000+0.15)*'BOX ORDER'!H18)*0.01083 -> 0 | E12: =SUM((('BOX ORDER'!G18)/1000+0.15)*'BOX ORDER'!I18)*0.01083 -> 0 | F12: =SUM((('BOX ORDER'!H18)/1000+0.15)*'BOX ORDER'!J18)*10.83 -> 0 | G12: =SUM(D12:F12) -> 0
A13: 12 | B13: =ROUNDUP('BOX ORDER'!H19,-1) -> 0 | C13: =ROUNDUP('BOX ORDER'!I19,-1) -> 0 | D13: =SUM((('BOX ORDER'!G19)/1000+0.15)*'BOX ORDER'!H19)*0.01083 -> 0 | E13: =SUM((('BOX ORDER'!G19)/1000+0.15)*'BOX ORDER'!I19)*0.01083 -> 0 | F13: =SUM((('BOX ORDER'!H19)/1000+0.15)*'BOX ORDER'!J19)*10.83 -> 0 | G13: =SUM(D13:F13) -> 0
A14: 13 | B14: =ROUNDUP('BOX ORDER'!H20,-1) -> 0 | C14: =ROUNDUP('BOX ORDER'!I20,-1) -> 0 | D14: =SUM((('BOX ORDER'!G20)/1000+0.15)*'BOX ORDER'!H20)*0.01083 -> 0 | E14: =SUM((('BOX ORDER'!G20)/1000+0.15)*'BOX ORDER'!I20)*0.01083 -> 0 | F14: =SUM((('BOX ORDER'!H20)/1000+0.15)*'BOX ORDER'!J20)*10.83 -> 0 | G14: =SUM(D14:F14) -> 0
A15: 14 | B15: =ROUNDUP('BOX ORDER'!H21,-1) -> 0 | C15: =ROUNDUP('BOX ORDER'!I21,-1) -> 0 | D15: =SUM((('BOX ORDER'!G21)/1000+0.15)*'BOX ORDER'!H21)*0.01083 -> 0 | E15: =SUM((('BOX ORDER'!G21)/1000+0.15)*'BOX ORDER'!I21)*0.01083 -> 0 | F15: =SUM((('BOX ORDER'!H21)/1000+0.15)*'BOX ORDER'!J21)*10.83 -> 0 | G15: =SUM(D15:F15) -> 0
A16: 15 | B16: =ROUNDUP('BOX ORDER'!H22,-1) -> 0 | C16: =ROUNDUP('BOX ORDER'!I22,-1) -> 0 | D16: =SUM((('BOX ORDER'!G22)/1000+0.15)*'BOX ORDER'!H22)*0.01083 -> 0 | E16: =SUM((('BOX ORDER'!G22)/1000+0.15)*'BOX ORDER'!I22)*0.01083 -> 0 | F16: =SUM((('BOX ORDER'!H22)/1000+0.15)*'BOX ORDER'!J22)*10.83 -> 0 | G16: =SUM(D16:F16) -> 0
A17: 16 | B17: =ROUNDUP('BOX ORDER'!H23,-1) -> 0 | C17: =ROUNDUP('BOX ORDER'!I23,-1) -> 0 | D17: =SUM((('BOX ORDER'!G23)/1000+0.15)*'BOX ORDER'!H23)*0.01083 -> 0 | E17: =SUM((('BOX ORDER'!G23)/1000+0.15)*'BOX ORDER'!I23)*0.01083 -> 0 | F17: =SUM((('BOX ORDER'!H23)/1000+0.15)*'BOX ORDER'!J23)*10.83 -> 0 | G17: =SUM(D17:F17) -> 0
A18: 17 | B18: =ROUNDUP('BOX ORDER'!H24,-1) -> 0 | C18: =ROUNDUP('BOX ORDER'!I24,-1) -> 0 | D18: =SUM((('BOX ORDER'!G24)/1000+0.15)*'BOX ORDER'!H24)*0.01083 -> 0 | E18: =SUM((('BOX ORDER'!G24)/1000+0.15)*'BOX ORDER'!I24)*0.01083 -> 0 | F18: =SUM((('BOX ORDER'!H24)/1000+0.15)*'BOX ORDER'!J24)*10.83 -> 0 | G18: =SUM(D18:F18) -> 0
A19: 18 | B19: =ROUNDUP('BOX ORDER'!H25,-1) -> 0 | C19: =ROUNDUP('BOX ORDER'!I25,-1) -> 0 | D19: =SUM((('BOX ORDER'!G25)/1000+0.15)*'BOX ORDER'!H25)*0.01083 -> 0 | E19: =SUM((('BOX ORDER'!G25)/1000+0.15)*'BOX ORDER'!I25)*0.01083 -> 0 | F19: =SUM((('BOX ORDER'!H25)/1000+0.15)*'BOX ORDER'!J25)*10.83 -> 0 | G19: =SUM(D19:F19) -> 0
A20: 19 | B20: =ROUNDUP('BOX ORDER'!H26,-1) -> 0 | C20: =ROUNDUP('BOX ORDER'!I26,-1) -> 0 | D20: =SUM((('BOX ORDER'!G26)/1000+0.15)*'BOX ORDER'!H26)*0.01083 -> 0 | E20: =SUM((('BOX ORDER'!G26)/1000+0.15)*'BOX ORDER'!I26)*0.01083 -> 0 | F20: =SUM((('BOX ORDER'!H26)/1000+0.15)*'BOX ORDER'!J26)*10.83 -> 0 | G20: =SUM(D20:F20) -> 0
A21: 20 | B21: =ROUNDUP('BOX ORDER'!H27,-1) -> 0 | C21: =ROUNDUP('BOX ORDER'!I27,-1) -> 0 | D21: =SUM((('BOX ORDER'!G27)/1000+0.15)*'BOX ORDER'!H27)*0.01083 -> 0 | E21: =SUM((('BOX ORDER'!G27)/1000+0.15)*'BOX ORDER'!I27)*0.01083 -> 0 | F21: =SUM((('BOX ORDER'!H27)/1000+0.15)*'BOX ORDER'!J27)*10.83 -> 0 | G21: =SUM(D21:F21) -> 0
A22: 21 | B22: =ROUNDUP('BOX ORDER'!H28,-1) -> 0 | C22: =ROUNDUP('BOX ORDER'!I28,-1) -> 0 | D22: =SUM((('BOX ORDER'!G28)/1000+0.15)*'BOX ORDER'!H28)*0.01083 -> 0 | E22: =SUM((('BOX ORDER'!G28)/1000+0.15)*'BOX ORDER'!I28)*0.01083 -> 0 | F22: =SUM((('BOX ORDER'!H28)/1000+0.15)*'BOX ORDER'!J28)*10.83 -> 0 | G22: =SUM(D22:F22) -> 0
... A111: 110 | B111: =ROUNDUP('BOX ORDER'!H117,-1) -> 0 | C111: =ROUNDUP('BOX ORDER'!I117,-1) -> 0 | D111: =SUM((('BOX ORDER'!G117)/1000+0.15)*'BOX ORDER'!H117)*0.01083 -> 0 | E111: =SUM((('BOX ORDER'!G117)/1000+0.15)*'BOX ORDER'!I117)*0.01083 -> 0 | F111: =SUM((('BOX ORDER'!H117)/1000+0.15)*'BOX ORDER'!J117)*10.83 -> 0 | G111: =SUM(D111:F111) -> 0
A113: TOTALS | D113: =SUM(D2:D111) -> 7.7976 | E113: =SUM(E2:E111) -> 7.7976 | F113: =SUM(F2:F111) -> 0 | G113: =SUM(G2:G111) -> 15.5952

Sheet BOXING ORDER LABELS
A1: Box making order
A2: ='BOX ORDER'!A8&CHAR(10)&CHAR(10)&'BOX ORDER'!B8&CHAR(10)&'BOX ORDER'!P8&CHAR(10)&CHAR(10)&'BOX ORDER'!E8&CHAR(10)&'BOX ORDER'!R8 -> XP0096 BOX # 1 HOODS 1 & 2
A3: ='BOX ORDER'!A9&CHAR(10)&CHAR(10)&'BOX ORDER'!B9&CHAR(10)&'BOX ORDER'!P9&CHAR(10)&CHAR(10)&'BOX ORDER'!E9&CHAR(10)&'BOX ORDER'!R9 -> BOX # 2 HOODS 0
A4: ='BOX ORDER'!A10&CHAR(10)&CHAR(10)&'BOX ORDER'!B10&CHAR(10)&'BOX ORDER'!P10&CHAR(10)&CHAR(10)&'BOX ORDER'!E10&CHAR(10)&'BOX ORDER'!R10 -> BOX # 3 HOODS 0
A5: ='BOX ORDER'!A11&CHAR(10)&CHAR(10)&'BOX ORDER'!B11&CHAR(10)&'BOX ORDER'!P11&CHAR(10)&CHAR(10)&'BOX ORDER'!E11&CHAR(10)&'BOX ORDER'!R11 -> BOX # 4 HOODS 0
A6: ='BOX ORDER'!A12&CHAR(10)&CHAR(10)&'BOX ORDER'!B12&CHAR(10)&'BOX ORDER'!P12&CHAR(10)&CHAR(10)&'BOX ORDER'!E12&CHAR(10)&'BOX ORDER'!R12 -> BOX # 5 HOODS 0
A7: ='BOX ORDER'!A13&CHAR(10)&CHAR(10)&'BOX ORDER'!B13&CHAR(10)&'BOX ORDER'!P13&CHAR(10)&CHAR(10)&'BOX ORDER'!E13&CHAR(10)&'BOX ORDER'!R13 -> BOX # 6 HOODS 0
A8: ='BOX ORDER'!A14&CHAR(10)&CHAR(10)&'BOX ORDER'!B14&CHAR(10)&'BOX ORDER'!P14&CHAR(10)&CHAR(10)&'BOX ORDER'!E14&CHAR(10)&'BOX ORDER'!R14 -> BOX # 7 HOODS 0
A9: ='BOX ORDER'!A15&CHAR(10)&CHAR(10)&'BOX ORDER'!B15&CHAR(10)&'BOX ORDER'!P15&CHAR(10)&CHAR(10)&'BOX ORDER'!E15&CHAR(10)&'BOX ORDER'!R15 -> BOX # 8 HOODS 0
A10: ='BOX ORDER'!A16&CHAR(10)&CHAR(10)&'BOX ORDER'!B16&CHAR(10)&'BOX ORDER'!P16&CHAR(10)&CHAR(10)&'BOX ORDER'!E16&CHAR(10)&'BOX ORDER'!R16 -> BOX # 9 HOODS 0
A11: ='BOX ORDER'!A17&CHAR(10)&CHAR(10)&'BOX ORDER'!B17&CHAR(10)&'BOX ORDER'!P17&CHAR(10)&CHAR(10)&'BOX ORDER'!E17&CHAR(10)&'BOX ORDER'!R17 -> BOX # 10 HOODS 0
A12: ='BOX ORDER'!A18&CHAR(10)&CHAR(10)&'BOX ORDER'!B18&CHAR(10)&'BOX ORDER'!P18&CHAR(10)&CHAR(10)&'BOX ORDER'!E18&CHAR(10)&'BOX ORDER'!R18 -> BOX # 11 HOODS 0
A13: ='BOX ORDER'!A19&CHAR(10)&CHAR(10)&'BOX ORDER'!B19&CHAR(10)&'BOX ORDER'!P19&CHAR(10)&CHAR(10)&'BOX ORDER'!E19&CHAR(10)&'BOX ORDER'!R19 -> BOX # 12 HOODS 0
... A111: ='BOX ORDER'!A117&CHAR(10)&CHAR(10)&'BOX ORDER'!B117&CHAR(10)&'BOX ORDER'!P117&CHAR(10)&CHAR(10)&'BOX ORDER'!E117&CHAR(10)&'BOX ORDER'!R117 -> BOX # 110 HOODS 0
A152: ='BOX ORDER'!A158&CHAR(10)&CHAR(10)&'BOX ORDER'!B158&CHAR(10)&'BOX ORDER'!P158&CHAR(10)&CHAR(10)&'BOX ORDER'!E158&CHAR(10)&'BOX ORDER'!F158
A153: ='BOX ORDER'!A159&CHAR(10)&CHAR(10)&'BOX ORDER'!B159&CHAR(10)&'BOX ORDER'!P159&CHAR(10)&CHAR(10)&'BOX ORDER'!E159&CHAR(10)&'BOX ORDER'!F159
A154: ='BOX ORDER'!A160&CHAR(10)&CHAR(10)&'BOX ORDER'!B160&CHAR(10)&'BOX ORDER'!P160&CHAR(10)&CHAR(10)&'BOX ORDER'!E160&CHAR(10)&'BOX ORDER'!F160
A155: ='BOX ORDER'!A161&CHAR(10)&CHAR(10)&'BOX ORDER'!B161&CHAR(10)&'BOX ORDER'!P161&CHAR(10)&CHAR(10)&'BOX ORDER'!E161&CHAR(10)&'BOX ORDER'!F161
A156: ='BOX ORDER'!A162&CHAR(10)&CHAR(10)&'BOX ORDER'!B162&CHAR(10)&'BOX ORDER'!P162&CHAR(10)&CHAR(10)&'BOX ORDER'!E162&CHAR(10)&'BOX ORDER'!F162
A157: ='BOX ORDER'!A163&CHAR(10)&CHAR(10)&'BOX ORDER'!B163&CHAR(10)&'BOX ORDER'!P163&CHAR(10)&CHAR(10)&'BOX ORDER'!E163&CHAR(10)&'BOX ORDER'!F163
A158: ='BOX ORDER'!A164&CHAR(10)&CHAR(10)&'BOX ORDER'!B164&CHAR(10)&'BOX ORDER'!P164&CHAR(10)&CHAR(10)&'BOX ORDER'!E164&CHAR(10)&'BOX ORDER'!F164
A159: ='BOX ORDER'!A165&CHAR(10)&CHAR(10)&'BOX ORDER'!B165&CHAR(10)&'BOX ORDER'!P165&CHAR(10)&CHAR(10)&'BOX ORDER'!E165&CHAR(10)&'BOX ORDER'!F165
A160: ='BOX ORDER'!A166&CHAR(10)&CHAR(10)&'BOX ORDER'!B166&CHAR(10)&'BOX ORDER'!P166&CHAR(10)&CHAR(10)&'BOX ORDER'!E166&CHAR(10)&'BOX ORDER'!F166
A161: ='BOX ORDER'!A167&CHAR(10)&CHAR(10)&'BOX ORDER'!B167&CHAR(10)&'BOX ORDER'!P167&CHAR(10)&CHAR(10)&'BOX ORDER'!E167&CHAR(10)&'BOX ORDER'!F167

Sheet DEC 23 - VERSION CONTROL
A1: REVISION / VERSION | B1: WHAT CHANGED | C1: CREATED DATE | D1: CREATED BY WHO | E1: ROLL OUT DATE | F1: ROLLED OUT BY WHO
A2: 45261 | B2: Label order and row QTY | C2: 45226 | D2: Cat Millar | E2: 45266 | F2: Cat

Sheet NUMERICAL LABELS 
A1: Numerical order
A2: ='BOX ORDER'!A8&CHAR(10)&CHAR(10)&'BOX ORDER'!B8&CHAR(10)&'BOX ORDER'!D8&CHAR(10)&CHAR(10)&'BOX ORDER'!E8&CHAR(10)&'BOX ORDER'!F8 -> XP0096 BOX # 1 HOODS 1 & 2
A3: ='BOX ORDER'!A9&CHAR(10)&CHAR(10)&'BOX ORDER'!B9&CHAR(10)&'BOX ORDER'!D9&CHAR(10)&CHAR(10)&'BOX ORDER'!E9&CHAR(10)&'BOX ORDER'!F9 -> BOX # 2 HOODS
A4: ='BOX ORDER'!A10&CHAR(10)&CHAR(10)&'BOX ORDER'!B10&CHAR(10)&'BOX ORDER'!D10&CHAR(10)&CHAR(10)&'BOX ORDER'!E10&CHAR(10)&'BOX ORDER'!F10 -> BOX # 3 HOODS
A5: ='BOX ORDER'!A11&CHAR(10)&CHAR(10)&'BOX ORDER'!B11&CHAR(10)&'BOX ORDER'!D11&CHAR(10)&CHAR(10)&'BOX ORDER'!E11&CHAR(10)&'BOX ORDER'!F11 -> BOX # 4 HOODS
A6: ='BOX ORDER'!A12&CHAR(10)&CHAR(10)&'BOX ORDER'!B12&CHAR(10)&'BOX ORDER'!D12&CHAR(10)&CHAR(10)&'BOX ORDER'!E12&CHAR(10)&'BOX ORDER'!F12 -> BOX # 5 HOODS
A7: ='BOX ORDER'!A13&CHAR(10)&CHAR(10)&'BOX ORDER'!B13&CHAR(10)&'BOX ORDER'!D13&CHAR(10)&CHAR(10)&'BOX ORDER'!E13&CHAR(10)&'BOX ORDER'!F13 -> BOX # 6 HOODS
A8: ='BOX ORDER'!A14&CHAR(10)&CHAR(10)&'BOX ORDER'!B14&CHAR(10)&'BOX ORDER'!D14&CHAR(10)&CHAR(10)&'BOX ORDER'!E14&CHAR(10)&'BOX ORDER'!F14 -> BOX # 7 HOODS
A9: ='BOX ORDER'!A15&CHAR(10)&CHAR(10)&'BOX ORDER'!B15&CHAR(10)&'BOX ORDER'!D15&CHAR(10)&CHAR(10)&'BOX ORDER'!E15&CHAR(10)&'BOX ORDER'!F15 -> BOX # 8 HOODS
A10: ='BOX ORDER'!A16&CHAR(10)&CHAR(10)&'BOX ORDER'!B16&CHAR(10)&'BOX ORDER'!D16&CHAR(10)&CHAR(10)&'BOX ORDER'!E16&CHAR(10)&'BOX ORDER'!#REF! -> #REF!
A11: ='BOX ORDER'!A17&CHAR(10)&CHAR(10)&'BOX ORDER'!B17&CHAR(10)&'BOX ORDER'!D17&CHAR(10)&CHAR(10)&'BOX ORDER'!E17&CHAR(10)&'BOX ORDER'!F17 -> BOX # 10 HOODS
A12: ='BOX ORDER'!A18&CHAR(10)&CHAR(10)&'BOX ORDER'!B18&CHAR(10)&'BOX ORDER'!D18&CHAR(10)&CHAR(10)&'BOX ORDER'!E18&CHAR(10)&'BOX ORDER'!F18 -> BOX # 11 HOODS
A13: ='BOX ORDER'!A19&CHAR(10)&CHAR(10)&'BOX ORDER'!B19&CHAR(10)&'BOX ORDER'!D19&CHAR(10)&CHAR(10)&'BOX ORDER'!E19&CHAR(10)&'BOX ORDER'!F19 -> BOX # 12 HOODS
A14: ='BOX ORDER'!A20&CHAR(10)&CHAR(10)&'BOX ORDER'!B20&CHAR(10)&'BOX ORDER'!D20&CHAR(10)&CHAR(10)&'BOX ORDER'!E20&CHAR(10)&'BOX ORDER'!F20 -> BOX # 13 HOODS
A15: ='BOX ORDER'!A21&CHAR(10)&CHAR(10)&'BOX ORDER'!B21&CHAR(10)&'BOX ORDER'!D21&CHAR(10)&CHAR(10)&'BOX ORDER'!E21&CHAR(10)&'BOX ORDER'!F21 -> BOX # 14 HOODS
A16: ='BOX ORDER'!A22&CHAR(10)&CHAR(10)&'BOX ORDER'!B22&CHAR(10)&'BOX ORDER'!D22&CHAR(10)&CHAR(10)&'BOX ORDER'!E22&CHAR(10)&'BOX ORDER'!F22 -> BOX # 15 HOODS
A17: ='BOX ORDER'!A23&CHAR(10)&CHAR(10)&'BOX ORDER'!B23&CHAR(10)&'BOX ORDER'!D23&CHAR(10)&CHAR(10)&'BOX ORDER'!E23&CHAR(10)&'BOX ORDER'!F23 -> BOX # 16 HOODS
A18: ='BOX ORDER'!A24&CHAR(10)&CHAR(10)&'BOX ORDER'!B24&CHAR(10)&'BOX ORDER'!D24&CHAR(10)&CHAR(10)&'BOX ORDER'!E24&CHAR(10)&'BOX ORDER'!F24 -> BOX # 17 HOODS
A19: ='BOX ORDER'!A25&CHAR(10)&CHAR(10)&'BOX ORDER'!B25&CHAR(10)&'BOX ORDER'!D25&CHAR(10)&CHAR(10)&'BOX ORDER'!E25&CHAR(10)&'BOX ORDER'!F25 -> BOX # 18 HOODS
A20: ='BOX ORDER'!A26&CHAR(10)&CHAR(10)&'BOX ORDER'!B26&CHAR(10)&'BOX ORDER'!D26&CHAR(10)&CHAR(10)&'BOX ORDER'!E26&CHAR(10)&'BOX ORDER'!F26 -> BOX # 19 HOODS
A21: ='BOX ORDER'!A27&CHAR(10)&CHAR(10)&'BOX ORDER'!B27&CHAR(10)&'BOX ORDER'!D27&CHAR(10)&CHAR(10)&'BOX ORDER'!E27&CHAR(10)&'BOX ORDER'!F27 -> BOX # 20 HOODS
A22: ='BOX ORDER'!A28&CHAR(10)&CHAR(10)&'BOX ORDER'!B28&CHAR(10)&'BOX ORDER'!D28&CHAR(10)&CHAR(10)&'BOX ORDER'!E28&CHAR(10)&'BOX ORDER'!F28 -> BOX # 21 HOODS
... A132: ='BOX ORDER'!A138&CHAR(10)&CHAR(10)&'BOX ORDER'!B138&CHAR(10)&'BOX ORDER'!D138&CHAR(10)&CHAR(10)&'BOX ORDER'!E138&CHAR(10)&'BOX ORDER'!F138
